<?xml version="1.0" encoding="UTF-8"?>
<datafile>
	<header>
		<emu_name>Internet Archive Best Of - Atari 2600</emu_name>
		<emu_description>Atari 2600</emu_description>
		<emu_category>Atari, 1980s, 8 Bit, Console, Best of</emu_category>
		<emu_version>02032021</emu_version>
		<emu_date>04.15.2020</emu_date>
		<emu_author>Zach Morris</emu_author>
		<emu_visibility>visible</emu_visibility>
		<emu_homepage>https://www.no-intro.org</emu_homepage>
		<emu_baseurl>https://archive.org/download/</emu_baseurl>
		<emu_launcher>retroplayer</emu_launcher>
		<emu_default_addon>none</emu_default_addon>
		<emu_ext_launch_cmd>none</emu_ext_launch_cmd>
		<emu_downloadpath>default</emu_downloadpath>
		<emu_postdlaction>unzip_rom</emu_postdlaction>
		<emu_comment>The current landscape of gaming consoles would have been vastly different if it were not for the introduction of the Atari 2600 in 1977. Though it initially offered only nine games at launch, its library only continued to grow as time went on and other potential competitors backed off.[CR][CR]The Atari 2600 is also the one console that could arguably be claimed as the herald of modern gaming's success and a stark reminder of economic collapse's ability to topple even the mightiest; the crash of 1983 was at least partially due to the constant churn of low quality games being produced for the console.[CR][CR]But that Atari 2600 lays claim to its fair share of games that still stand as pillars within their respective genres. So far removed from its heyday, it might be easy to forget exactly which these were and are.[CR][CR]Thank goodness for this definitive list of the Best Atari 2600 games of all time!</emu_comment>
		<emu_thumb>hKEldxt.jpg</emu_thumb>
		<emu_banner>h5h8t5t.jpg</emu_banner>
		<emu_fanart>3tTLaSl.jpg</emu_fanart>
		<emu_logo>4gaSF6q.png</emu_logo>
		<emu_trailer>FguRA3WO0jQ</emu_trailer>
	</header>
	<game name="Defender II">
		<description>25.  Defender II</description>
		<rom name="no-intro_romsets/no-intro%20romsets/Atari%20-%202600%20%2820200514-091155%29.zip/Stargate%20%28USA%29.zip" size="5627"/>
		<title_clean>Defender II</title_clean>
		<plot>While the original Defender was a fantastic arcade game, the Atari 2600 port was a major disappointment. Thankfully, when Defender II - or Stargate - came around, the port was a major success and went on to become one of the best games the Atari 2600 had to offer.[CR][CR]In the game, the player pilots a spaceship that is tasked with defending the humans on the surface while destroying the aliens that pop up on the screen. The second joystick is used to control many of the extra features, like hyperspace, which is wise move considering the original Defender instead had the player going off the screen in order to use such things.</plot>
		<releasedate>18/1/1984</releasedate>
		<year>1984</year>
		<genre>Shooter, Scrolling</genre>
		<studio>Atari</studio>
		<nplayers>1-2 Alt</nplayers>
		<rating>8.0</rating>
		<videoid>hy4xjaXek0I</videoid>
		<thegamesdb_id>1367</thegamesdb_id>
		<gamefaqs_url>https://www.gamefaqs.com/atari2600/585158-stargate</gamefaqs_url>
		<giantbomb_url>https://www.giantbomb.com/stargate/3030-20967/</giantbomb_url>
		<boxart1>YF9l9Fj.jpg</boxart1>
		<boxart2>BW8il0q.jpg</boxart2>
		<snapshot1>EK97Vfk.png</snapshot1>
		<snapshot2>9LyWSyh.png</snapshot2>
		<snapshot3>yTErNjf.png</snapshot3>
		<snapshot4>RE6jTjb.png</snapshot4>
		<snapshot5>YhrcAxE.png</snapshot5>
		<snapshot6>6zIjj5n.png</snapshot6>
		<snapshot7>KG7iAon.png</snapshot7>
		<snapshot8>biD4a3b.png</snapshot8>
		<snapshot9>Yj6XJMo.png</snapshot9>
		<snapshot10>FRt8is7.png</snapshot10>
	</game>
	<game name="Berzerk">
		<description>24.  Berzerk</description>
		<rom name="no-intro_romsets/no-intro%20romsets/Atari%20-%202600%20%2820200514-091155%29.zip/Berzerk%20%28USA%29.zip" size="2928"/>
		<title_clean>Berzerk</title_clean>
		<plot>Featuring a series of mazes filled with killer robots, Berzerk is a shooter that, at first blush, appears regular and standard... and then Evil Otto, the invincible head bounces onto the scene and changed everything. The Atari 2600 port remained faithful to the original arcade game save a few minor adjustments that didn’t have any great effect on gameplay.[CR][CR]With some skill, players could move themselves so that robots ran into walls or even shot each other. But Evil Otto always came if they lingered too long, balancing things out, and making escaping from the entrance to the exit of any screen more complicated.</plot>
		<releasedate>10/8/2002</releasedate>
		<year>1982</year>
		<genre>Action</genre>
		<studio>Atari</studio>
		<nplayers>1</nplayers>
		<perspective>3rd-Person</perspective>
		<rating>4.4</rating>
		<videoid>J0kWqjDUu7o</videoid>
		<thegamesdb_id>5297</thegamesdb_id>
		<gamefaqs_url>https://www.gamefaqs.com/atari2600/584584-berzerk</gamefaqs_url>
		<mobygames_url>https://www.mobygames.com/game/atari-2600/berzerk_</mobygames_url>
		<giantbomb_url>https://www.giantbomb.com/berzerk/3030-4010/</giantbomb_url>
		<boxart1>8h68g5x.jpg</boxart1>
		<boxart2>m8jXJyn.jpg</boxart2>
		<snapshot1>5Tj89tp.png</snapshot1>
		<snapshot2>c6ttVd1.png</snapshot2>
		<snapshot3>FSLmAJ9.png</snapshot3>
		<snapshot4>cbALKoO.png</snapshot4>
		<snapshot5>SqWchcI.png</snapshot5>
		<snapshot6>Oyh2LyY.png</snapshot6>
		<snapshot7>jWHduJt.png</snapshot7>
		<snapshot8>l6LoYWU.png</snapshot8>
		<snapshot9>bLusJki.png</snapshot9>
		<snapshot10>fZevlWK.png</snapshot10>
		<clearlogo1>PuWFEY2.png</clearlogo1>
	</game>
	<game name="Jungle Hunt">
		<description>23.  Jungle Hunt</description>
		<rom name="no-intro_romsets/no-intro%20romsets/Atari%20-%202600%20%2820200514-091155%29.zip/Jungle%20Hunt%20%28USA%29.zip" size="6207"/>
		<title_clean>Jungle Hunt</title_clean>
		<plot>Though it was originally slated to be a Tarzan-infused title, the makers of Jungle Hunt were sued by Edgar Rice Burroughs estate, so we have an original title rather than a derivative one. The explorer even has a pith helmet![CR][CR]The game consisted of a series of scenes that the player was required to traverse. The first a level of ropes the character must swing across, then a crocodile-infested river they must ford followed by a scene where the player must run under boulders and jump over rocks to reach the final screen. In that final area, only two spearmen block the path to rescue the girl.[CR][CR]Though it may sound straightforward, the second difficulty setting, simulated depth and excellent color make Jungle Hunt a cartridge worth tracking down.</plot>
		<releasedate>18/1/1983</releasedate>
		<year>1983</year>
		<studio>Atari</studio>
		<nplayers>1-2 Alt</nplayers>
		<perspective>3rd-Person</perspective>
		<rating>3.6</rating>
		<videoid>Xm_W_OKX7Vo</videoid>
		<thegamesdb_id>1351</thegamesdb_id>
		<gamefaqs_url>https://www.gamefaqs.com/atari2600/584823-jungle-hunt</gamefaqs_url>
		<mobygames_url>https://www.mobygames.com/game/atari-2600/jungle-hunt</mobygames_url>
		<giantbomb_url>https://www.giantbomb.com/jungle-hunt/3030-11421/</giantbomb_url>
		<boxart1>pLJEzgi.jpg</boxart1>
		<boxart2>BFmIsio.jpg</boxart2>
		<boxart3>5tY777g.jpg</boxart3>
		<boxart4>QRnXJWF.jpg</boxart4>
		<snapshot1>67eDzC4.gif</snapshot1>
		<snapshot2>EhxgDDx.gif</snapshot2>
		<snapshot3>tRvCU2w.gif</snapshot3>
		<snapshot4>AsCXJvg.gif</snapshot4>
		<snapshot5>lrkfJme.gif</snapshot5>
		<snapshot6>y2nXvgV.jpg</snapshot6>
		<snapshot7>BDOygrT.jpg</snapshot7>
		<snapshot8>Crdf8t6.jpg</snapshot8>
		<snapshot9>bzkxWjr.jpg</snapshot9>
		<snapshot10>p7HxCcW.png</snapshot10>
		<clearlogo1>s5guOWi.png</clearlogo1>
	</game>
	<game name="River Raid">
		<description>22.  River Raid</description>
		<rom name="no-intro_romsets/no-intro%20romsets/Atari%20-%202600%20%2820200514-091155%29.zip/River%20Raid%20%28USA%29.zip" size="3252"/>
		<title_clean>River Raid</title_clean>
		<plot>If you’ve ever played a game where branching channels slowly dwindled in space and you needed to avoid the walls, you’ve played a descendant of River Raid. Not only did River Raid feature this mechanic, the player was also required to shoot enemy ships, planes, helicopters, bridges and fuel barges. Fuel is a valuable resource, however, and the player needed to keep track of their own lest they run out.[CR][CR]It was also one of the first games to procedurally generate the placement of enemies and other objects, making it near impossible to try and memorize a set path. While it might not be the best Atari 2600 game, it is certainly a staple in any collection.</plot>
		<releasedate>18/1/1982</releasedate>
		<year>1982</year>
		<genre>Action</genre>
		<studio>Activision</studio>
		<nplayers>1-2 Alt</nplayers>
		<perspective>Top-Down</perspective>
		<rating>3.9</rating>
		<videoid>pmPjsBDN9Xw</videoid>
		<thegamesdb_id>1365</thegamesdb_id>
		<gamefaqs_url>https://www.gamefaqs.com/atari2600/585031-river-raid</gamefaqs_url>
		<mobygames_url>https://www.mobygames.com/game/atari-2600/river-raid</mobygames_url>
		<giantbomb_url>https://www.giantbomb.com/river-raid/3030-10516/</giantbomb_url>
		<boxart1>DIhZeGG.jpg</boxart1>
		<boxart2>uNWJCpf.jpg</boxart2>
		<boxart3>CDVkZeN.jpg</boxart3>
		<boxart4>E24xCXX.jpg</boxart4>
		<boxart5>KXMIcLE.jpg</boxart5>
		<snapshot1>1FNgkZM.jpg</snapshot1>
		<snapshot2>QQdC5bW.gif</snapshot2>
		<snapshot3>FAvLpPg.gif</snapshot3>
		<snapshot4>LY1tv5z.gif</snapshot4>
		<snapshot5>9bvrlsg.gif</snapshot5>
		<snapshot6>paDwkxp.gif</snapshot6>
		<snapshot7>xo47x1p.jpg</snapshot7>
		<snapshot8>s9IMwXe.png</snapshot8>
		<snapshot9>r7sUKqW.png</snapshot9>
		<snapshot10>U3vgOlZ.png</snapshot10>
		<clearlogo1>DPyJaTN.png</clearlogo1>
	</game>
	<game name="Atlantis (Activision)">
		<description>21.  Atlantis</description>
		<rom name="no-intro_romsets/no-intro%20romsets/Atari%20-%202600%20%2820200514-091155%29.zip/Atlantis%20%28USA%29.zip" size="3198"/>
		<title_clean>Atlantis</title_clean>
		<plot>Praised for its graphics, Atlantis might look like Missile Command at the start but ends up playing far differently. As one of the few games on the list designed directly for the Atari 2600, there was nothing to shoehorn into the limited hardware, so everything that was meant to be in the game is.[CR][CR]The player uses three stationary missile bases to fire at invaders dropping from the sky. In order to destroy them, the player must time their shots so that they intersect with the interlopers at exactly the right moment. Atlantis is also highly praised for being one of the first games with a true ending. When all of Atlantis is destroyed, a small craft escapes to fight again another day.</plot>
		<releasedate>18/1/1982</releasedate>
		<year>1982</year>
		<genre>Action</genre>
		<studio>Imagic</studio>
		<nplayers>1</nplayers>
		<perspective>3rd-Person</perspective>
		<rating>3.4</rating>
		<videoid>Rpos_OopvIY</videoid>
		<thegamesdb_id>9272</thegamesdb_id>
		<gamefaqs_url>https://www.gamefaqs.com/atari2600/584560-atlantis</gamefaqs_url>
		<mobygames_url>https://www.mobygames.com/game/atari-2600/atlantis</mobygames_url>
		<giantbomb_url>https://www.giantbomb.com/atlantis/3030-16631/</giantbomb_url>
		<boxart1>C3syj59.png</boxart1>
		<boxart2>rVydOkD.jpg</boxart2>
		<boxart3>kdIBpVd.jpg</boxart3>
		<boxart4>l2j3vzO.jpg</boxart4>
		<snapshot1>bHGwRPj.gif</snapshot1>
		<snapshot2>wTtfqGj.gif</snapshot2>
		<snapshot3>E4PLv8a.gif</snapshot3>
		<snapshot4>QwzGkbS.gif</snapshot4>
		<snapshot5>SBp4RUL.png</snapshot5>
		<snapshot6>aCIpxbv.png</snapshot6>
		<snapshot7>Rz4Bn4J.png</snapshot7>
		<snapshot8>Xyrpepb.png</snapshot8>
		<snapshot9>AuQ0J8n.png</snapshot9>
		<snapshot10>HEYhuMS.png</snapshot10>
		<clearlogo1>c6UgSH6.png</clearlogo1>
	</game>
	<game name="Demon Attack">
		<description>20.  Demon Attack</description>
		<rom name="no-intro_romsets/no-intro%20romsets/Atari%20-%202600%20%2820200514-091155%29.zip/Demon%20Attack%20%28USA%29%20%28Rev%201%29.zip" size="3523"/>
		<title_clean>Demon Attack</title_clean>
		<plot>Demon Attack was based on the arcade game Galaxian but was often compared to another game from Atari, Phoenix. The resemblance was so uncanny that Atari saw fit to sue Imagic, though they eventually settled out of court. Though the game was an almost entirely straight-forward shooter, increasingly difficult up to the 84th wave of enemies and an endless loop of them afterwords made for compelling gameplay.[CR][CR]The player was represented by a spaceship that shot vertically at demons that shot right back. Over time, different waves would have different attributes, like splitting when hit. While the graphics for the Atari 2600 weren’t terribly impressive, even at the time of release, Demon Attack went on to become the best-selling Imagic cartridge on the system.</plot>
		<releasedate>18/1/1982</releasedate>
		<year>1982</year>
		<genre>Action</genre>
		<studio>Imagic</studio>
		<nplayers>1-2 Alt</nplayers>
		<perspective>3rd-Person</perspective>
		<rating>3.7</rating>
		<videoid>3mP37XoJiFc</videoid>
		<thegamesdb_id>9271</thegamesdb_id>
		<gamefaqs_url>https://www.gamefaqs.com/atari2600/584677-demon-attack</gamefaqs_url>
		<mobygames_url>https://www.mobygames.com/game/atari-2600/demon-attack</mobygames_url>
		<giantbomb_url>https://www.giantbomb.com/demon-attack/3030-15941/</giantbomb_url>
		<boxart1>iBdo6xu.jpg</boxart1>
		<boxart2>TP9qwa2.jpg</boxart2>
		<boxart3>oqBS8zq.jpg</boxart3>
		<boxart4>t6kSg0o.jpg</boxart4>
		<boxart5>lAsN7Bd.jpg</boxart5>
		<snapshot1>252sRoR.gif</snapshot1>
		<snapshot2>3rdhQqa.gif</snapshot2>
		<snapshot3>VH4sYSE.gif</snapshot3>
		<snapshot4>tif4FpV.gif</snapshot4>
		<snapshot5>5MwGOAt.gif</snapshot5>
		<snapshot6>BFHIAyQ.png</snapshot6>
		<snapshot7>ABqLIyA.png</snapshot7>
		<snapshot8>yjRfaRG.png</snapshot8>
		<snapshot9>W0z66a8.png</snapshot9>
		<snapshot10>YSJkWcx.png</snapshot10>
		<clearlogo1>BmWZOXx.png</clearlogo1>
	</game>
	<game name="Joust">
		<description>19.  Joust</description>
		<rom name="no-intro_romsets/no-intro%20romsets/Atari%20-%202600%20%2820200514-091155%29.zip/Joust%20%28USA%29.zip" size="6056"/>
		<title_clean>Joust</title_clean>
		<plot>Joust, like many other Atari 2600 games, was born in the arcade. It was also another of the games that had to make compromises to fit on the limited hardware provided. But limitation breeds innovation and some of the tricks they used were downright brilliant.[CR][CR]The game pits the player as a knight with a lance riding a flying ostrich with the goal of knocking the other ostrich-riding knights about, gathering eggs and survival in general. As the waves progress, more enemies attempt to unseat the player. On. And there's lava. Did we mention that there's lava?</plot>
		<releasedate>18/1/1983</releasedate>
		<year>1983</year>
		<genre>Action</genre>
		<studio>Atari</studio>
		<nplayers>1-2 Co-Op</nplayers>
		<perspective>3rd-Person</perspective>
		<rating>3.3</rating>
		<videoid>xa3hUnGX9JI</videoid>
		<thegamesdb_id>1350</thegamesdb_id>
		<gamefaqs_url>https://www.gamefaqs.com/atari2600/563245-joust</gamefaqs_url>
		<mobygames_url>https://www.mobygames.com/game/atari-2600/joust</mobygames_url>
		<giantbomb_url>https://www.giantbomb.com/joust/3030-11689/</giantbomb_url>
		<boxart1>gjYtIMx.jpg</boxart1>
		<boxart2>4OJVf0u.jpg</boxart2>
		<boxart3>pAMOOs7.jpg</boxart3>
		<boxart4>kACscuM.jpg</boxart4>
		<snapshot1>7FLoE2v.gif</snapshot1>
		<snapshot2>s5o2j0O.gif</snapshot2>
		<snapshot3>tLgue2h.gif</snapshot3>
		<snapshot4>U0m7qER.gif</snapshot4>
		<snapshot5>qVrq2RY.gif</snapshot5>
		<snapshot6>r7Zwpuy.jpg</snapshot6>
		<snapshot7>icZpeJs.jpg</snapshot7>
		<snapshot8>50ge0vf.jpg</snapshot8>
		<snapshot9>obtKxb3.jpg</snapshot9>
		<snapshot10>fjFD8OZ.jpg</snapshot10>
		<clearlogo1>JxqM6Lz.png</clearlogo1>
	</game>
	<game name="Spy Hunter">
		<description>18.  Spy Hunter</description>
		<rom name="no-intro_romsets/no-intro%20romsets/Atari%20-%202600%20%2820200514-091155%29.zip/Spy%20Hunter%20%28USA%29.zip" size="5855"/>
		<title_clean>Spy Hunter</title_clean>
		<plot>Spy Hunter is the arcade and eventually the Atari 2600’s version of James Bond. They were even in talks to use the James Bond theme song, supposedly, and when that fell through they settled for the theme from Peter Gunn. Close enough?[CR][CR]Gameplay primarily consists of two segments: Land and Water. The player pilots a car and then a boat in the different acts that tries to avoid or destroy the enemy vehicles chasing them. It also came with a special controller piece that would let two joysticks be conjoined so the player could use both the machines at the front of the vehicle and the back.</plot>
		<releasedate>18/1/1984</releasedate>
		<year>1984</year>
		<genre>Action, Driving, Racing</genre>
		<studio>Sega</studio>
		<nplayers>1</nplayers>
		<perspective>Top-Down</perspective>
		<rating>1.4</rating>
		<thegamesdb_id>22182</thegamesdb_id>
		<gamefaqs_url>https://www.gamefaqs.com/atari2600/585137-spy-hunter</gamefaqs_url>
		<mobygames_url>https://www.mobygames.com/game/atari-2600/spy-hunter</mobygames_url>
		<giantbomb_url>https://www.giantbomb.com/spy-hunter/3030-10448/</giantbomb_url>
		<boxart1>ZxI8PFS.jpg</boxart1>
		<boxart2>gHHCcaS.jpg</boxart2>
		<boxart3>Ay5Ujf9.jpg</boxart3>
		<snapshot1>ZobBYta.gif</snapshot1>
		<snapshot2>0kV2jNm.gif</snapshot2>
		<snapshot3>zBCEmDN.gif</snapshot3>
		<snapshot4>MxHMmKr.gif</snapshot4>
		<snapshot5>ZPe0i2H.jpg</snapshot5>
		<snapshot6>P32G1TV.jpg</snapshot6>
		<snapshot7>GE30k6g.png</snapshot7>
		<snapshot8>Xx3REAg.png</snapshot8>
		<snapshot9>IiNgCyG.png</snapshot9>
		<snapshot10>A4lybOi.png</snapshot10>
		<clearlogo1>aRjxljN.png</clearlogo1>
	</game>
	<game name="Raiders of the Lost Ark">
		<description>17.  Raiders of the Lost Ark</description>
		<rom name="no-intro_romsets/no-intro%20romsets/Atari%20-%202600%20%2820200514-091155%29.zip/Raiders%20of%20the%20Lost%20Ark%20%28USA%29.zip" size="6549"/>
		<title_clean>Raiders of the Lost Ark</title_clean>
		<plot>Raiders of the Lost Ark comes from the same programmer that did both Yars’ Revenge and E.T. the Extra-Terrestrial. This happens to be more in the vein of Yars’ Revenge than E.T., thankfully, and is often cited as one of the most complex adventure games for the Atari 2600. It’s also recognized as the first video game licensed from a movie.[CR][CR]The game loosely follows the plot of the movie and requires a series of somewhat obscure steps in order to complete it and find the ark. Both joysticks are necessary - one for movement, one for the player’s inventory - and if that weren’t complicated enough, certain events only occur at random intervals in the game.[CR][CR]Even with the ridiculous difficulty, Raiders of the Lost Ark was a wonderfully varied game for something as simple as the Atari 2600. Too bad movie tie-ins didn't remain this good for long...</plot>
		<releasedate>18/1/1982</releasedate>
		<year>1982</year>
		<genre>Adventure</genre>
		<studio>Atari</studio>
		<nplayers>1</nplayers>
		<perspective>3rd-Person</perspective>
		<rating>2.9</rating>
		<videoid>5JXcwbUG_CI</videoid>
		<thegamesdb_id>5319</thegamesdb_id>
		<gamefaqs_url>https://www.gamefaqs.com/atari2600/585011-raiders-of-the-lost-ark</gamefaqs_url>
		<mobygames_url>https://www.mobygames.com/game/atari-2600/raiders-of-the-lost-ark</mobygames_url>
		<giantbomb_url>https://www.giantbomb.com/raiders-of-the-lost-ark/3030-4739/</giantbomb_url>
		<boxart1>wQfHZEp.jpg</boxart1>
		<boxart2>q3zeAqG.jpg</boxart2>
		<boxart3>e1yyuXE.jpg</boxart3>
		<snapshot1>Ef2VTws.gif</snapshot1>
		<snapshot2>u76ahxt.gif</snapshot2>
		<snapshot3>hTJT3AW.gif</snapshot3>
		<snapshot4>DW2wQil.gif</snapshot4>
		<snapshot5>eXjQwzf.gif</snapshot5>
		<snapshot6>cpc9Sd1.gif</snapshot6>
		<snapshot7>s1MhfyE.gif</snapshot7>
		<snapshot8>QI0z8dr.gif</snapshot8>
		<snapshot9>rFWa5SV.png</snapshot9>
		<snapshot10>MCVfM5r.png</snapshot10>
	</game>
	<game name="Asteroids">
		<description>16.  Asteroids</description>
		<rom name="no-intro_romsets/no-intro%20romsets/Atari%20-%202600%20%2820200514-091155%29.zip/Asteroids%20%28USA%29.zip" size="5559"/>
		<title_clean>Asteroids</title_clean>
		<plot>Asteroids is one of the classics that never gets old. Though the art style was changed from vector graphics to pixels between the arcade and the Atari 2600 port, the game remained true to its roots and brought a little color into what was previously an entirely black and white universe.[CR][CR]The objective of the game is to last as long as possible, destroying asteroids and other objects as they appear while avoiding them as well. Though it was considered a much easier game than the arcade original, the Atari 2600 still stands out as an example of how to make potentially repetitive games an enjoyable experience.</plot>
		<releasedate>18/1/1981</releasedate>
		<year>1981</year>
		<genre>Action</genre>
		<studio>Atari</studio>
		<nplayers>1-2 Alt</nplayers>
		<perspective>3rd-Person</perspective>
		<rating>3.5</rating>
		<videoid>wqtbIYq7qrM</videoid>
		<thegamesdb_id>1342</thegamesdb_id>
		<gamefaqs_url>https://www.gamefaqs.com/atari2600/563236-asteroids</gamefaqs_url>
		<mobygames_url>https://www.mobygames.com/game/atari-2600/asteroids_</mobygames_url>
		<giantbomb_url>https://www.giantbomb.com/asteroids/3030-1034/</giantbomb_url>
		<boxart1>esEePex.jpg</boxart1>
		<boxart2>gc2Y0xf.jpg</boxart2>
		<boxart3>7ch6Mlk.jpg</boxart3>
		<boxart4>MkehlzZ.jpg</boxart4>
		<boxart5>ZNsmlnX.jpg</boxart5>
		<boxart6>9786IbQ.jpg</boxart6>
		<boxart7>vKe4nd5.jpg</boxart7>
		<boxart8>ccyscOI.jpg</boxart8>
		<snapshot1>zbuQkLq.gif</snapshot1>
		<snapshot2>WX029Rp.gif</snapshot2>
		<snapshot3>fJIDvXg.gif</snapshot3>
		<snapshot4>yXgc8NC.png</snapshot4>
		<snapshot5>WlokS0E.png</snapshot5>
		<snapshot6>zd36j0k.png</snapshot6>
		<snapshot7>7iOoDPS.png</snapshot7>
		<snapshot8>r17R6bo.png</snapshot8>
		<snapshot9>3jUtOP7.png</snapshot9>
		<snapshot10>8oTxqrG.png</snapshot10>
		<fanart1>Uh8gQgi.jpg</fanart1>
		<clearlogo1>ZEZ4yoL.png</clearlogo1>
	</game>
	<game name="Yars' Revenge">
		<description>15.  Yars' Revenge</description>
		<rom name="no-intro_romsets/no-intro%20romsets/Atari%20-%202600%20%2820200514-091155%29.zip/Yars%27%20Revenge%20%28USA%29.zip" size="3379"/>
		<title_clean>Yars' Revenge</title_clean>
		<plot>Yars’ Revenge is an odd gem of a game and one of the most popular of the original titles for the Atari 2600. The title was meant to poke fun at the CEO of Atari, Ray Kassar, and was programmed by the same guy that worked on both Raiders of the Lost Ark and E.T. the Extra-Terrestrial. Talk about an inside joke.[CR][CR]The game features the player as an intergalactic flying bug that must shoot down the evil Qotile which hides behind its shields. There is a neutral zone in the middle where missiles cannot hurt the player but the player can’t shoot either. The Qotile has some tricks up its sleeve, though, and can still fire an angry swirl and do damage.[CR][CR]Part of the appeal was the difficulty of the game and strategies that developed using the various mechanics available. Specifically, the neutral zone is often cited as a stroke of genius.</plot>
		<releasedate>18/1/1981</releasedate>
		<year>1981</year>
		<genre>Action</genre>
		<studio>Atari</studio>
		<nplayers>1-2 Alt</nplayers>
		<perspective>3rd-Person</perspective>
		<rating>3.7</rating>
		<videoid>N0cEdNRe98A</videoid>
		<thegamesdb_id>3598</thegamesdb_id>
		<gamefaqs_url>https://www.gamefaqs.com/atari2600/585280-yars-revenge</gamefaqs_url>
		<mobygames_url>https://www.mobygames.com/game/atari-2600/yars-revenge</mobygames_url>
		<giantbomb_url>https://www.giantbomb.com/yars-revenge/3030-14821/</giantbomb_url>
		<boxart1>fiaq3F9.jpg</boxart1>
		<boxart2>QWQVTk6.jpg</boxart2>
		<boxart3>dChtCKC.jpg</boxart3>
		<boxart4>Bkc4bew.jpg</boxart4>
		<snapshot1>NdYYDbe.gif</snapshot1>
		<snapshot2>ibHySxL.gif</snapshot2>
		<snapshot3>Swl5jUQ.gif</snapshot3>
		<snapshot4>Eo3W3BW.gif</snapshot4>
		<snapshot5>7IFcD96.jpg</snapshot5>
		<snapshot6>5Ev44SC.jpg</snapshot6>
		<snapshot7>qs8PB5g.jpg</snapshot7>
		<snapshot8>aJ4J7NY.jpg</snapshot8>
		<snapshot9>C7bAf2G.jpg</snapshot9>
		<snapshot10>WJSu410.png</snapshot10>
	</game>
	<game name="Centipede">
		<description>14.  Centipede</description>
		<rom name="no-intro_romsets/no-intro%20romsets/Atari%20-%202600%20%2820200514-091155%29.zip/Centipede%20%28USA%29.zip" size="5187"/>
		<title_clean>Centipede</title_clean>
		<plot>Centipede is often boasted as the first arcade game to be designed by a woman. Though there’s been some evidence that this fact was skewed by the marketing folks, time has come and gone and the legend remains. The Atari 2600 port was as faithful as it could possibly be to the original.[CR][CR]Though the hardware limitations prevented the same graphical quality from being presented, the gameplay translated incredibly well to home consoles. The player moves a cannon from side to side while firing at the centipede making its way through the course. Extra points are granted for hitting various other enemies like the spider and fleas. </plot>
		<releasedate>18/1/1982</releasedate>
		<year>1982</year>
		<studio>Atari</studio>
		<nplayers>1-2 Alt</nplayers>
		<rating>3.5</rating>
		<videoid>pPfJhUgliSs</videoid>
		<thegamesdb_id>1346</thegamesdb_id>
		<gamefaqs_url>https://www.gamefaqs.com/atari2600/584616-centipede</gamefaqs_url>
		<mobygames_url>https://www.mobygames.com/game/atari-2600/centipede_</mobygames_url>
		<giantbomb_url>https://www.giantbomb.com/centipede/3030-1157/</giantbomb_url>
		<boxart1>aQkQvtK.jpg</boxart1>
		<boxart2>hSo1obp.jpg</boxart2>
		<boxart3>cRfz7w6.jpg</boxart3>
		<boxart4>bOWTXNh.jpg</boxart4>
		<boxart5>OAMm02F.jpg</boxart5>
		<boxart6>Sf4zSrW.jpg</boxart6>
		<snapshot1>fAkz9i0.gif</snapshot1>
		<snapshot2>Uw2fXls.gif</snapshot2>
		<snapshot3>LIwBYO4.gif</snapshot3>
		<snapshot4>gRaFuL9.gif</snapshot4>
		<snapshot5>PBGLiJE.png</snapshot5>
		<snapshot6>Itq6tb5.png</snapshot6>
		<snapshot7>KbG3AKV.png</snapshot7>
		<snapshot8>f4VVI7N.png</snapshot8>
		<snapshot9>7Z6DI4j.png</snapshot9>
		<snapshot10>jGqbbP4.jpg</snapshot10>
		<fanart1>jSeg5tw.jpg</fanart1>
		<fanart2>RHP73Ws.jpg</fanart2>
		<clearlogo1>FZHJzVH.png</clearlogo1>
	</game>
	<game name="Ms. Pac-Man">
		<description>13.  Ms. Pac-Man</description>
		<rom name="no-intro_romsets/no-intro%20romsets/Atari%20-%202600%20%2820200514-091155%29.zip/Ms.%20Pac-Man%20%28USA%29.zip" size="5536"/>
		<title_clean>Ms. Pac-Man</title_clean>
		<plot>Keeping with the trend of ported arcade games, Ms. Pac-Man is an oddity among oddities. To begin with, it was first conceived as an enhancement kit called "Crazy Otto" for the original Pac-Man arcade cabinets by programmers at the General Computer Corporation. When legal troubles forced them to halt, they decided to sell the game as a whole. Thus, with a few changes, Ms. Pac-Man was born.[CR][CR]Whereas the original Atari 2600 version of Pac-Man was a (very) poor port, the port of Ms. Pac-Man was nothing if not stellar and crisp. Of everything included in the arcade cabinet, the only thing missing from the Atari 2600 version were the intermissions. That means that four different mazes, different-colored ghosts, fruit, and even an animated title screen made the jump to consoles, and that's none too shabby, especially considering how much was cut from the original Pac-Man port. </plot>
		<releasedate>18/1/1982</releasedate>
		<year>1982</year>
		<genre>Action</genre>
		<studio>Atari</studio>
		<nplayers>1-2 Alt</nplayers>
		<perspective>Top-Down</perspective>
		<rating>3.6</rating>
		<videoid>DgqE2fwKt4c</videoid>
		<thegamesdb_id>5314</thegamesdb_id>
		<gamefaqs_url>https://www.gamefaqs.com/atari2600/584919-ms-pac-man</gamefaqs_url>
		<mobygames_url>https://www.mobygames.com/game/atari-2600/ms-pac-man</mobygames_url>
		<giantbomb_url>https://www.giantbomb.com/ms-pac-man/3030-6332/</giantbomb_url>
		<boxart1>RnpcExU.jpg</boxart1>
		<boxart2>0PVCcFg.jpg</boxart2>
		<boxart3>43R99S9.jpg</boxart3>
		<boxart4>GE0r8IS.jpg</boxart4>
		<snapshot1>OjtNaTa.jpg</snapshot1>
		<snapshot2>0rQrXxj.gif</snapshot2>
		<snapshot3>ygccpaD.gif</snapshot3>
		<snapshot4>4NUBjTc.jpg</snapshot4>
		<snapshot5>flgnaen.jpg</snapshot5>
		<snapshot6>nWY6wnm.png</snapshot6>
		<snapshot7>CsKbJ75.png</snapshot7>
		<snapshot8>uE8YtD0.png</snapshot8>
		<snapshot9>D4HapYA.png</snapshot9>
		<snapshot10>rNltNCB.png</snapshot10>
		<fanart1>H7ipqvE.jpg</fanart1>
		<fanart2>r7u4TX0.jpg</fanart2>
		<clearlogo1>rW9O2mB.png</clearlogo1>
	</game>
	<game name="Q-bert">
		<description>12.  Q-bert</description>
		<rom name="no-intro_romsets/no-intro%20romsets/Atari%20-%202600%20%2820200514-091155%29.zip/Q-bert%20%28USA%29.zip" size="3188"/>
		<title_clean>Q-bert</title_clean>
		<plot>Q-bert’s wacky cast of characters and simple gameplay mechanics made it an instant success in the arcade. When this was ported to the Atari 2600, it remained largely the same except for one major concession: the animations for enemy movement were gone. This made a game that could be difficult at times and easy at others consistently more difficult. Some found this a flaw, while others actually celebrated the new difficulty that arose from technical limitations.[CR][CR]The entire game revolves around the titular character, Q*bert, jumping around to turn blocks the same color. Whilst the player goes about this business, Coily the snake and other bizarre creatures give chase. It’s admittedly a pretty weird scene, but it's weird in a good way.</plot>
		<releasedate>18/1/1983</releasedate>
		<year>1983</year>
		<genre>Action</genre>
		<studio>Parker Brothers</studio>
		<nplayers>1-2 Alt</nplayers>
		<perspective>3rd-Person</perspective>
		<rating>3.2</rating>
		<videoid>vkZhWsiHCqM</videoid>
		<thegamesdb_id>5318</thegamesdb_id>
		<gamefaqs_url>https://www.gamefaqs.com/atari2600/584999-qbert</gamefaqs_url>
		<mobygames_url>https://www.mobygames.com/game/atari-2600/qbert</mobygames_url>
		<giantbomb_url>https://www.giantbomb.com/qbert/3030-20782/</giantbomb_url>
		<boxart1>QqRkVYg.jpg</boxart1>
		<boxart2>wswlBdb.jpg</boxart2>
		<boxart3>gwpUdtk.jpg</boxart3>
		<boxart4>GgtBI0U.jpg</boxart4>
		<snapshot1>Gt9tJdF.gif</snapshot1>
		<snapshot2>kbwlODX.gif</snapshot2>
		<snapshot3>2FR8Zcu.gif</snapshot3>
		<snapshot4>u64DEkI.gif</snapshot4>
		<snapshot5>bFPOZQ2.jpg</snapshot5>
		<fanart1>iDVawKF.jpg</fanart1>
		<clearlogo1>46GEHyB.png</clearlogo1>
	</game>
	<game name="E.T. - The Extra-Terrestrial">
		<description>11.  E.T. - The Extra-Terrestrial</description>
		<rom name="no-intro_romsets/no-intro%20romsets/Atari%20-%202600%20%2820200514-091155%29.zip/E.T.%20-%20The%20Extra-Terrestrial%20%28USA%29.zip" size="6110"/>
		<title_clean>E.T. - The Extra-Terrestrial</title_clean>
		<plot>Video game history has some amazing items in it that represent big moments in the development of the American video game industry.  But one big moment was unrepresented: the dark days of the 1980s when the U.S. video game industry crashed.[CR][CR]That's why E.T. the Extra-Terrestrial Atari 2600 is in this collection.  Unearthed from a landfill, this game personifies the video game crash that took place from 1982 to 1985.</plot>
		<releasedate>18/1/1982</releasedate>
		<year>1982</year>
		<genre>Adventure</genre>
		<studio>Atari</studio>
		<nplayers>1</nplayers>
		<perspective>3rd-Person</perspective>
		<rating>1.1</rating>
		<videoid>QmrQkQsM9FU</videoid>
		<thegamesdb_id>7611</thegamesdb_id>
		<gamefaqs_url>https://www.gamefaqs.com/atari2600/563239-et-the-extra-terrestrial</gamefaqs_url>
		<mobygames_url>https://www.mobygames.com/game/atari-2600/et-the-extra-terrestrial_</mobygames_url>
		<giantbomb_url>https://www.giantbomb.com/et-the-extra-terrestrial/3030-21595/</giantbomb_url>
		<boxart1>OS5XMbS.jpg</boxart1>
		<boxart2>ZiKVoGd.jpg</boxart2>
		<boxart3>zwSTW0M.jpg</boxart3>
		<boxart4>BYYop6M.jpg</boxart4>
		<snapshot1>OSg8kol.gif</snapshot1>
		<snapshot2>4Omk6uw.gif</snapshot2>
		<snapshot3>VtNmK72.gif</snapshot3>
		<snapshot4>IOkQdwS.gif</snapshot4>
		<snapshot5>XdcRlpF.gif</snapshot5>
		<snapshot6>SUI1WbV.jpg</snapshot6>
		<snapshot7>0EkJRyX.jpg</snapshot7>
		<snapshot8>hhaFsK0.jpg</snapshot8>
		<snapshot9>sN9m4UF.jpg</snapshot9>
		<snapshot10>f7GHtOf.jpg</snapshot10>
		<fanart1>dfoaVto.jpg</fanart1>
	</game>
	<game name="Warlords">
		<description>10.  Warlords</description>
		<rom name="no-intro_romsets/no-intro%20romsets/Atari%20-%202600%20%2820200514-091155%29.zip/Warlords%20%28USA%29.zip" size="2979"/>
		<title_clean>Warlords</title_clean>
		<plot>Warlords demonstrates the frenetic ever-changing landscape that multiplayer games would come to be known for later. Though there are a variety of modes to choose from, a vast majority of players stick to the four player configuration due to the fact that it allows the most players while still having easy to understand gameplay.[CR][CR]The players each control a shield guarding a wall of blocks in front of their respective knights. A fireball bounces around the screen that the players can deflect using paddle controllers to send them off at their enemies to destroy the blocks guarding their knights. The last knight standing wins the round and the winner of five rounds wins the game.[CR][CR]Though the graphics are nothing to write home about, the game they represent certainly is. Talk about a series overdue for a revisit.</plot>
		<releasedate>18/1/1981</releasedate>
		<year>1981</year>
		<genre>Action</genre>
		<studio>Sears, Roebuck and Co.</studio>
		<nplayers>1-4 Sim</nplayers>
		<perspective>3rd-Person</perspective>
		<rating>3.4</rating>
		<thegamesdb_id>1359</thegamesdb_id>
		<gamefaqs_url>https://www.gamefaqs.com/atari2600/585261-warlords</gamefaqs_url>
		<mobygames_url>https://www.mobygames.com/game/atari-2600/warlords_</mobygames_url>
		<giantbomb_url>https://www.giantbomb.com/warlords/3030-25096/</giantbomb_url>
		<boxart1>zDv7yah.jpg</boxart1>
		<boxart2>hikswkb.jpg</boxart2>
		<boxart3>jEdxWMl.jpg</boxart3>
		<boxart4>zspZOJi.jpg</boxart4>
		<boxart5>krHBcPJ.jpg</boxart5>
		<snapshot1>MLtCf34.gif</snapshot1>
		<snapshot2>Y26aJaO.gif</snapshot2>
		<snapshot3>MyU5aLr.png</snapshot3>
		<snapshot4>n9uYogQ.png</snapshot4>
		<snapshot5>XmBmrTG.png</snapshot5>
		<snapshot6>9nSEOlr.png</snapshot6>
		<snapshot7>9euDvYe.png</snapshot7>
		<snapshot8>XQqkkTs.jpg</snapshot8>
		<snapshot9>qDH1E6X.jpg</snapshot9>
		<snapshot10>XWnFd3o.jpg</snapshot10>
		<clearlogo1>Pz7j7as.png</clearlogo1>
	</game>
	<game name="Frogger">
		<description>9.  Frogger</description>
		<rom name="no-intro_romsets/no-intro%20romsets/Atari%20-%202600%20%2820200514-091155%29.zip/Frogger%20%28USA%29.zip" size="3375"/>
		<title_clean>Frogger</title_clean>
		<plot>Frogger, more than the majority of arcade games turned console games on this list, is a nearly flawless port to the Atari 2600. Though it was released a number of times by different publishers, the Parker Brothers version is the most well-known and the one most folks think of when they think of Frogger for the console.[CR][CR]The 1982 version included everything from the arcade game, like navigating the street filled with cars, the river full of logs and flies that could be picked up for extra points. The bright and distinct colors made all of the different objects stand out from each other in a way that made sense. The Atari 2600 version is a timeless classic, and perhaps the best version of Frogger.</plot>
		<releasedate>18/1/1983</releasedate>
		<year>1983</year>
		<genre>Action</genre>
		<studio>Parker Brothers</studio>
		<nplayers>1-2 Alt</nplayers>
		<perspective>Top-Down</perspective>
		<rating>3.6</rating>
		<videoid>P0PKgBA-1Zg</videoid>
		<thegamesdb_id>1369</thegamesdb_id>
		<gamefaqs_url>https://www.gamefaqs.com/atari2600/563240-frogger</gamefaqs_url>
		<mobygames_url>https://www.mobygames.com/game/atari-2600/frogger</mobygames_url>
		<giantbomb_url>https://www.giantbomb.com/frogger/3030-11903/</giantbomb_url>
		<boxart1>WscLALO.jpg</boxart1>
		<boxart2>DKhSCIs.jpg</boxart2>
		<boxart3>3X4H2H8.jpg</boxart3>
		<boxart4>q1vC7we.jpg</boxart4>
		<snapshot1>PDVn63h.gif</snapshot1>
		<snapshot2>NYKPgWY.gif</snapshot2>
		<snapshot3>LyhRjP4.png</snapshot3>
		<snapshot4>qNhRWmy.png</snapshot4>
		<snapshot5>LIPAKlu.png</snapshot5>
		<snapshot6>Sanq2NY.png</snapshot6>
		<snapshot7>5crR6UN.png</snapshot7>
		<snapshot8>XH9Ml2n.png</snapshot8>
		<snapshot9>lwnXYfL.png</snapshot9>
		<snapshot10>bBrYsud.png</snapshot10>
		<fanart1>OVUzQ5h.jpg</fanart1>
		<fanart2>7dKZYkN.jpg</fanart2>
		<banner1>aCEbVRC.jpg</banner1>
		<clearlogo1>7hpjDCz.png</clearlogo1>
	</game>
	<game name="Pole Position">
		<description>8.  Pole Position</description>
		<rom name="no-intro_romsets/no-intro%20romsets/Atari%20-%202600%20%2820200514-091155%29.zip/Pole%20Position%20%28USA%29.zip" size="5530"/>
		<title_clean>Pole Position</title_clean>
		<plot>The port from arcades to console did have some flaws in Pole Position's case, like the removal of billboards on the highway and how the grass suddenly became entirely paved in the transition, but such is the limitations of moving from the huge cabinet to the small cartridge.[CR][CR]The core game remained unchanged, however, and the gameplay had the player weaving in and out of a series of enemy cars while twisting and turning with the road. The car accelerates automatically and the fire button acts as a brake button as the player jets down the raceway. Though the environment might be sparse and oddly colored, the game itself continued to be exhilarating. Everything that made the arcade game as good as it was made the jump to home consoles.</plot>
		<releasedate>18/1/1983</releasedate>
		<year>1983</year>
		<genre>Driving, Racing</genre>
		<studio>Atari</studio>
		<nplayers>1</nplayers>
		<perspective>3rd-Person</perspective>
		<rating>3.3</rating>
		<videoid>W2jLrNYzyr8</videoid>
		<thegamesdb_id>5571</thegamesdb_id>
		<gamefaqs_url>https://www.gamefaqs.com/atari2600/584981-pole-position</gamefaqs_url>
		<mobygames_url>https://www.mobygames.com/game/atari-2600/pole-position</mobygames_url>
		<giantbomb_url>https://www.giantbomb.com/pole-position/3030-10087/</giantbomb_url>
		<boxart1>cEmfGN1.jpg</boxart1>
		<boxart2>MXnoBTi.jpg</boxart2>
		<boxart3>5iwjB0u.jpg</boxart3>
		<boxart4>NbEn47A.jpg</boxart4>
		<boxart5>906Kjzb.jpg</boxart5>
		<snapshot1>hHQzNtO.jpg</snapshot1>
		<snapshot2>Q5BPsov.gif</snapshot2>
		<snapshot3>CIBlE7H.gif</snapshot3>
		<snapshot4>Y6fIgYd.gif</snapshot4>
		<snapshot5>JDbQaSt.png</snapshot5>
		<snapshot6>BxUeqB6.jpg</snapshot6>
		<snapshot7>Q20MReL.jpg</snapshot7>
		<snapshot8>nB8Cb9i.jpg</snapshot8>
		<snapshot9>NoAtupM.png</snapshot9>
		<snapshot10>DwIHRuN.png</snapshot10>
		<banner1>HIrh8ql.jpg</banner1>
		<clearlogo1>FfYWEKS.png</clearlogo1>
	</game>
	<game name="Dig Dug">
		<description>7.  Dig Dug</description>
		<rom name="no-intro_romsets/no-intro%20romsets/Atari%20-%202600%20%2820200514-091155%29.zip/Dig%20Dug%20%28USA%29.zip" size="10275"/>
		<title_clean>Dig Dug</title_clean>
		<plot>Dig Dug is another port to the Atari 2600 from an arcade classic that remained strongly similar to the original. Though the graphical limitations of the console required some concessions to be made (everything ends up looking like a series of squares), the gameplay survived the transition largely unscathed.[CR][CR]The player, as the intrepid gardener Dig Dug, must dig around and try to blow up the pesky enemies cluttering the screen with their handy-dandy air pump. There are also rocks scattered about that the player can strategically use to drop on said enemies if they so choose. They aren’t terribly discriminating, however, and will crush the player just as easily.</plot>
		<releasedate>18/1/1983</releasedate>
		<year>1983</year>
		<genre>Action</genre>
		<studio>Atari</studio>
		<nplayers>1-2 Alt</nplayers>
		<perspective>3rd-Person</perspective>
		<rating>3.6</rating>
		<ESRB>E - Everyone</ESRB>
		<thegamesdb_id>207</thegamesdb_id>
		<gamefaqs_url>https://www.gamefaqs.com/atari2600/584684-dig-dug</gamefaqs_url>
		<mobygames_url>https://www.mobygames.com/game/atari-2600/dig-dug</mobygames_url>
		<giantbomb_url>https://www.giantbomb.com/dig-dug/3030-2587/</giantbomb_url>
		<boxart1>R7Xdzw2.jpg</boxart1>
		<boxart2>UMfrJFM.jpg</boxart2>
		<boxart3>VSwqEcv.jpg</boxart3>
		<boxart4>ibWQCOl.jpg</boxart4>
		<boxart5>pwWRsFC.jpg</boxart5>
		<snapshot1>4Pzo5Gb.gif</snapshot1>
		<snapshot2>FcTe1yS.gif</snapshot2>
		<snapshot3>DSxESDg.gif</snapshot3>
		<snapshot4>H0MX9J8.gif</snapshot4>
		<snapshot5>Ecmb8bj.jpg</snapshot5>
		<snapshot6>ehaEtba.jpg</snapshot6>
		<snapshot7>EuWybtR.jpg</snapshot7>
		<snapshot8>xWPUNde.jpg</snapshot8>
		<snapshot9>ISzd01c.jpg</snapshot9>
		<snapshot10>5rrhomr.png</snapshot10>
		<fanart1>yPxVkyo.jpg</fanart1>
		<banner1>mnMzElC.jpg</banner1>
		<clearlogo1>06DMbuo.png</clearlogo1>
	</game>
	<game name="Space Invaders">
		<description>6.  Space Invaders</description>
		<rom name="no-intro_romsets/no-intro%20romsets/Atari%20-%202600%20%2820200514-091155%29.zip/Space%20Invaders%20%28USA%29.zip" size="3421"/>
		<title_clean>Space Invaders</title_clean>
		<plot>Space Invaders is a game that symbolizes nearly everything there is to the say about the arcade. But the port to the Atari 2600, with 112 variations, should probably be considered even more of a success. Gameplay consists of moving a ship behind three barriers and firing on an ever-dropping series of invaders that shoot back and slowly destroy your barriers.[CR][CR]The different variations allowed for elements like moving shields and invisible invaders but the core game remains a classic. Though it went on to inspire games like Galaxian and Galaga, the original Space Invaders for Atari 2600 remains a worthwhile game to play for an afternoon or more.</plot>
		<releasedate>18/1/1980</releasedate>
		<year>1980</year>
		<genre>Action</genre>
		<studio>Atari</studio>
		<nplayers>1</nplayers>
		<perspective>3rd-Person</perspective>
		<rating>3.6</rating>
		<videoid>_ftVrgJTl4w</videoid>
		<thegamesdb_id>4890</thegamesdb_id>
		<gamefaqs_url>https://www.gamefaqs.com/atari2600/585116-space-invaders</gamefaqs_url>
		<mobygames_url>https://www.mobygames.com/game/atari-2600/space-invaders-</mobygames_url>
		<giantbomb_url>https://www.giantbomb.com/space-invaders/3030-5099/</giantbomb_url>
		<boxart1>MFdUO41.jpg</boxart1>
		<boxart2>i6mPvJB.jpg</boxart2>
		<boxart3>NjyAcTf.jpg</boxart3>
		<boxart4>NzO3huU.jpg</boxart4>
		<boxart5>A63sLbW.jpg</boxart5>
		<boxart6>QEHhkES.jpg</boxart6>
		<boxart7>3b59133.jpg</boxart7>
		<boxart8>RvCIu9f.jpg</boxart8>
		<boxart9>aQnp6bJ.jpg</boxart9>
		<snapshot1>duMlY4i.gif</snapshot1>
		<snapshot2>nIEPylm.gif</snapshot2>
		<snapshot3>PnQqYgZ.gif</snapshot3>
		<snapshot4>UZC88do.gif</snapshot4>
		<snapshot5>jV50Lhk.jpg</snapshot5>
		<snapshot6>PFAV9y7.jpg</snapshot6>
		<snapshot7>Y7CwWzv.jpg</snapshot7>
		<snapshot8>9lsjQIg.jpg</snapshot8>
		<snapshot9>XVvFxWP.jpg</snapshot9>
		<snapshot10>qWkmHUc.jpg</snapshot10>
		<fanart1>QCOOymX.jpg</fanart1>
		<banner1>yJLQ3qh.jpg</banner1>
		<banner2>9Cbhepx.jpg</banner2>
		<clearlogo1>l957PU0.png</clearlogo1>
	</game>
	<game name="Combat">
		<description>5.  Combat</description>
		<rom name="no-intro_romsets/no-intro%20romsets/Atari%20-%202600%20%2820200514-091155%29.zip/Combat%20~%20Tank-Plus%20%28USA%29.zip" size="1941"/>
		<title_clean>Combat</title_clean>
		<plot>The original Atari VCS package came with two joysticks, two paddle controllers, an RF adapter, the console and a single cartridge: Combat. Based on earlier arcade games, Combat offered 27 variations on tank, jet, and biplane levels where two players could face off.[CR][CR]Though simplistic and straightforward, the game remains an enjoyable experience due mostly to the tank levels. A form of Tank Pong can be played that is both brilliant and strangely addicting. Shots bounce off walls and some variations require them to do so before they hit their target. Then again, it’s Pong with tanks; there’s little there that doesn’t sound appealing.</plot>
		<releasedate>18/1/1977</releasedate>
		<year>1977</year>
		<genre>Action</genre>
		<studio>Atari</studio>
		<nplayers>1-2 VS</nplayers>
		<perspective>Top-Down</perspective>
		<rating>3.1</rating>
		<videoid>3m86ftny1uY</videoid>
		<thegamesdb_id>4887</thegamesdb_id>
		<gamefaqs_url>https://www.gamefaqs.com/atari2600/584636-combat</gamefaqs_url>
		<mobygames_url>https://www.mobygames.com/game/atari-2600/combat-</mobygames_url>
		<giantbomb_url>https://www.giantbomb.com/combat/3030-5368/</giantbomb_url>
		<boxart1>agPVilf.jpg</boxart1>
		<boxart2>PbPOJAa.jpg</boxart2>
		<boxart3>Q5I2p8A.jpg</boxart3>
		<boxart4>dQYhXdk.jpg</boxart4>
		<boxart5>nAgiYHv.jpg</boxart5>
		<boxart6>9SSuzOA.jpg</boxart6>
		<boxart7>dBvFpbr.jpg</boxart7>
		<boxart8>Axo62dr.jpg</boxart8>
		<boxart9>GqcKdwB.jpg</boxart9>
		<boxart10>dSQNUaZ.jpg</boxart10>
		<snapshot1>gJuEIxR.gif</snapshot1>
		<snapshot2>VJopjRe.gif</snapshot2>
		<snapshot3>efSwlhW.gif</snapshot3>
		<snapshot4>nxptwc3.gif</snapshot4>
		<snapshot5>0iW7XeF.gif</snapshot5>
		<snapshot6>rMxOFY6.png</snapshot6>
		<snapshot7>aBGxj0n.png</snapshot7>
		<snapshot8>G6h7ymn.png</snapshot8>
		<snapshot9>Gr56q0V.png</snapshot9>
		<snapshot10>qN2i3iD.png</snapshot10>
	</game>
	<game name="Adventure">
		<description>4.  Adventure</description>
		<rom name="no-intro_romsets/no-intro%20romsets/Atari%20-%202600%20%2820200514-091155%29.zip/Adventure%20%28USA%29.zip" size="3179"/>
		<title_clean>Adventure</title_clean>
		<plot>Adventure is often credited as both the first action-adventure game on consoles and as the first widely-known game to feature an Easter egg. Though it was inspired by Colossal Cave Adventure - a text-based computer game - the Atari 2600 game shares very little in common with it. Adventure is entirely its own... well, adventure.[CR][CR]In the game, the player navigates a series of screens in order to find and return an enchanted chalice to the gold castle. There are multiple items hidden throughout the world, such as swords and the keys needed to unlock the castles, as well as monsters to defeat. There are even dragons named Yorgle, Grundle, and Rhindle that will eat the player if they come in contact with them.</plot>
		<releasedate>18/1/1980</releasedate>
		<year>1980</year>
		<genre>Adventure</genre>
		<studio>Sears, Roebuck and Co.</studio>
		<nplayers>1</nplayers>
		<perspective>Top-Down</perspective>
		<rating>3.7</rating>
		<videoid>mWN92q3phm4</videoid>
		<thegamesdb_id>2570</thegamesdb_id>
		<gamefaqs_url>https://www.gamefaqs.com/atari2600/584543-adventure</gamefaqs_url>
		<mobygames_url>https://www.mobygames.com/game/atari-2600/adventure</mobygames_url>
		<giantbomb_url>https://www.giantbomb.com/adventure/3030-8851/</giantbomb_url>
		<boxart1>1aEAgXd.jpg</boxart1>
		<boxart2>6tvelXA.jpg</boxart2>
		<boxart3>WvHFE12.jpg</boxart3>
		<snapshot1>mcduF60.gif</snapshot1>
		<snapshot2>btt93AG.gif</snapshot2>
		<snapshot3>qG3AaNk.gif</snapshot3>
		<snapshot4>XNxOP29.gif</snapshot4>
		<snapshot5>nGOKUK5.jpg</snapshot5>
		<snapshot6>7c5sYVu.png</snapshot6>
		<snapshot7>7UNT5lF.png</snapshot7>
		<snapshot8>doimVAF.png</snapshot8>
		<snapshot9>Z65flVC.png</snapshot9>
		<snapshot10>LVjzpJj.png</snapshot10>
	</game>
	<game name="Super Breakout">
		<description>3.  Super Breakout</description>
		<rom name="no-intro_romsets/no-intro%20romsets/Atari%20-%202600%20%2820200514-091155%29.zip/Super%20Breakout%20%28USA%29.zip" size="2841"/>
		<title_clean>Super Breakout</title_clean>
		<plot>Super Breakout is ostensibly not that much different from its ancestor, Breakout, but tweaks just enough to make the list instead of it. Breakout is essentially a single-player version of Pong, with breakable bricks replacing the second player and play happening vertically rather than horizontally. We're like, 99% sure you've played it.[CR][CR]What Super Breakout offers over its progenitor is a set of three different modes other than the original. Double gave the player two bars on top of each other to move and two balls to juggle, Cavity provided two extra balls encased in bricks that could be used once freed and Progressive, like it sounds, progressively moved the ceiling down to make play faster and more difficult as time went on.</plot>
		<releasedate>18/1/1981</releasedate>
		<year>1981</year>
		<genre>Action</genre>
		<studio>Atari</studio>
		<nplayers>1-2 Alt</nplayers>
		<perspective>3rd-Person</perspective>
		<rating>3.2</rating>
		<videoid>ON5A2el_CuM</videoid>
		<thegamesdb_id>5330</thegamesdb_id>
		<gamefaqs_url>https://www.gamefaqs.com/atari2600/585178-super-breakout</gamefaqs_url>
		<mobygames_url>https://www.mobygames.com/game/atari-2600/super-breakout</mobygames_url>
		<giantbomb_url>https://www.giantbomb.com/super-breakout/3030-1055/</giantbomb_url>
		<boxart1>5FYblUu.jpg</boxart1>
		<boxart2>a0RXJqe.jpg</boxart2>
		<boxart3>nJE5mPM.jpg</boxart3>
		<snapshot1>qDlWCYV.gif</snapshot1>
		<snapshot2>Ku55Jy8.gif</snapshot2>
		<snapshot3>LRxIJEM.gif</snapshot3>
		<snapshot4>tlqJnmZ.gif</snapshot4>
		<snapshot5>QZenNtM.png</snapshot5>
		<snapshot6>PiOinZU.jpg</snapshot6>
		<snapshot7>F4IDWRz.jpg</snapshot7>
		<snapshot8>GXWgnav.jpg</snapshot8>
		<clearlogo1>V17UW3f.png</clearlogo1>
	</game>
	<game name="Missile Command">
		<description>2.  Missile Command</description>
		<rom name="no-intro_romsets/no-intro%20romsets/Atari%20-%202600%20%2820200514-091155%29.zip/Missile%20Command%20%28USA%29.zip" size="3440"/>
		<title_clean>Missile Command</title_clean>
		<plot>If there ever were a game influenced by the cultural context surrounding it, Missile Command is that game. The very nature of the game requires the player to shoot down incoming missiles in order to stop them from destroying six cities with distinct pixelated mushroom clouds. The game reeks of the Cold War. It's no wonder that the creator had nightmares of nuclear war while coding the game.[CR][CR]Though it began life as an arcade game, the Atari 2600 port remained miraculously faithful to the source. It limited the player to one missile base, three missiles on the screen at once, and had some other oddities, but remained largely the same even down to the screeching alarms and tones. As an added bonus, the backgrounds changed colors as the waves continue.[CR][CR]The hectic pace and consistent movement made Missile Command an enjoyable game when it first released, and it remains so because of it. Quick! Someone give this game the Geometry Wars treatment, stat!</plot>
		<releasedate>18/1/1981</releasedate>
		<year>1981</year>
		<genre>Action</genre>
		<studio>Atari</studio>
		<nplayers>1-2 Alt</nplayers>
		<perspective>3rd-Person</perspective>
		<rating>3.8</rating>
		<videoid>uJijGLGHRTE</videoid>
		<thegamesdb_id>5313</thegamesdb_id>
		<gamefaqs_url>https://www.gamefaqs.com/atari2600/584898-missile-command</gamefaqs_url>
		<mobygames_url>https://www.mobygames.com/game/atari-2600/missile-command_</mobygames_url>
		<giantbomb_url>https://www.giantbomb.com/missile-command/3030-4062/</giantbomb_url>
		<boxart1>H0pooUL.jpg</boxart1>
		<boxart2>kYPERTE.jpg</boxart2>
		<boxart3>WtA3kN7.jpg</boxart3>
		<boxart4>d7aANSp.jpg</boxart4>
		<boxart5>4ezgnSL.jpg</boxart5>
		<boxart6>Mpe2KzH.jpg</boxart6>
		<boxart7>o208UvN.jpg</boxart7>
		<boxart8>x3BBTTB.jpg</boxart8>
		<boxart9>GBJHXvF.jpg</boxart9>
		<snapshot1>bydNezC.gif</snapshot1>
		<snapshot2>H24s8Dy.gif</snapshot2>
		<snapshot3>uq5shyq.gif</snapshot3>
		<snapshot4>3MUPV0q.jpg</snapshot4>
		<snapshot5>HOG7fuH.jpg</snapshot5>
		<snapshot6>chhQWax.jpg</snapshot6>
		<snapshot7>UiMy5U1.jpg</snapshot7>
		<snapshot8>b59Z92z.jpg</snapshot8>
		<snapshot9>s8qndTT.jpg</snapshot9>
		<snapshot10>BjbUUQs.jpg</snapshot10>
		<clearlogo1>h1Fr72E.png</clearlogo1>
	</game>
	<game name="Pitfall! - Pitfall Harry's Jungle Adventure">
		<description>1.  Pitfall!</description>
		<rom name="no-intro_romsets/no-intro%20romsets/Atari%20-%202600%20%2820200514-091155%29.zip/Pitfall%21%20-%20Pitfall%20Harry%27s%20Jungle%20Adventure%20%28USA%29.zip" size="3231"/>
		<title_clean>Pitfall! - Pitfall Harry's Jungle Adventure</title_clean>
		<plot>The top spot for the Atari 2600 is rightfully occupied by Pitfall! from Activision. Largely credited with establishing the platformer genre, Pitfall! is as difficult as it is critically acclaimed. Starring the eponymous Pitfall Harry, players must rush across over 200 screens of treacherous jungle in order to collect all the jewels and treasures that lay in wait.[CR][CR]The real trouble comes when you factor in the time limit - a mere 20 minutes. The game even taunted players by providing underground tunnels that advanced the screen three times for every full tunnel explored. Unfortunately, said tunnels are even more dangerous that the ground above them with scorpions guarding their passages. If you were looking to actually complete the game, however, they were a necessary evil.[CR][CR]Those lucky enough to reach 20,000 points could even score a sweet patch from Activision for their trouble. How many other games can boast such claims?</plot>
		<releasedate>20/4/1982</releasedate>
		<year>1982</year>
		<genre>Action, Platform, 2D</genre>
		<studio>Activision</studio>
		<nplayers>1</nplayers>
		<perspective>Platform</perspective>
		<rating>8.6</rating>
		<ESRB>E - Everyone</ESRB>
		<videoid>pslbO6Fddhw</videoid>
		<thegamesdb_id>5317</thegamesdb_id>
		<gamefaqs_url>https://www.gamefaqs.com/atari2600/584972-pitfall</gamefaqs_url>
		<mobygames_url>https://www.mobygames.com/game/atari-2600/pitfall</mobygames_url>
		<giantbomb_url>https://www.giantbomb.com/pitfall/3030-10014/</giantbomb_url>
		<boxart1>K9hVkmk.jpg</boxart1>
		<boxart2>Xi2onU5.jpg</boxart2>
		<boxart3>ETMDtYf.jpg</boxart3>
		<boxart4>vhA38xl.jpg</boxart4>
		<snapshot1>mV8dGRc.jpg</snapshot1>
		<snapshot2>ySsI3XQ.gif</snapshot2>
		<snapshot3>2YJYP05.gif</snapshot3>
		<snapshot4>vBKvA8t.gif</snapshot4>
		<snapshot5>INiAKDS.gif</snapshot5>
		<snapshot6>s2SKJj3.png</snapshot6>
		<snapshot7>GbIgryk.png</snapshot7>
		<snapshot8>VAYvH1X.png</snapshot8>
		<snapshot9>ybFeQM9.png</snapshot9>
		<snapshot10>ky2GIWn.png</snapshot10>
		<fanart1>1UWcLi3.jpg</fanart1>
		<fanart2>EQt73OR.jpg</fanart2>
		<banner1>Tpyeort.jpg</banner1>
		<clearlogo1>y3Qx8Jc.png</clearlogo1>
	</game>
</datafile>