<?xml version="1.0" encoding="UTF-8" standalone="yes"?>
<addon id="service.subtitles.a4ksubtitles"
       name="a4kSubtitles"
       version="0.0.17"
       provider-name="Unknown">
    <requires>
      <import addon="xbmc.python" version="2.25.0"/>
      <import addon="vfs.libarchive"/>
      <import addon="script.module.requests"/>
    </requires>
    <extension point="xbmc.subtitle.module" library="main.py"/>
    <extension point="xbmc.addon.metadata">
        <summary lang="en">a4kSubtitles - Multi-Source Subtitles Addon</summary>
        <description>
Multi-source subtitles addon optimized for Seren.
Supports: OpenSubtitles, BSPlayer
        </description>
        <platform>all</platform>
        <reuselanguageinvoker>true</reuselanguageinvoker>
        <license>MIT License</license>
        <website>https://github.com/newt-sc/a4kSubtitles</website>
        <source>https://github.com/newt-sc/a4kSubtitles</source>
        <assets>
            <icon>icon.png</icon>
        </assets>
        <news>
[v0.0.17]:
  * Reuse KODI's Python language invoker
    * Improves performance on low-end devices when switching subtitles for best match
  * Url decode subtitle names

[v0.0.16]:
  * Cache last result
  * OpenSubtitles always queries:
    * by imdb id and title
    * by video file hash
  * Improve results ordering:
    * preferred lang
    * lang
    * synced
    * name match
    * rating
    * hearing impaired
    * subtitle service
  * Fix url with numbers matching in ads detection

[v0.0.15]:
  * Remove ads by default
  * Support for BSPlayer
  * Additional option for OpenSubtitles to use file hash (Limits results to exact matches)

[v0.0.14]:
  * Fix API and normal usage at the same time

[v0.0.13]:
  * Exclude development files from release

[v0.0.12]:
  * Removal of ads (Experimental)
  * Fix extract issue when file contains unicode symbols

[v0.0.11]:
  * Changelog in KODI

[v0.0.10]:
  * Inserted language code in sub filename

[v0.0.9]:
  * Implemented (orginal, default, none, forced_only) as KODI language setting
  * Fixed minor bugs in API implementation
  * Added .idea folder to .gitignore

[v0.0.8]:
  * opensubtitles should make max 2 requests for separate languages
  * lint updates
  * add tests for download

[v0.0.7]:
  * API class rename

[v0.0.6]:
  * fix core requiring handle even with API usage

[v0.0.5]:
  * expose API for usage without KODI
  * add tests for search

[v0.0.4]:
  * distribution process:
    * KODI repository with updates based on github releases
    * addons.xml and addons.xml.crc auto generation via git hooks
    * release automation on merge to master via Github Actions

[v0.0.3]:
  * general settings for configuring requests timeout and results limit
  * additional ordering of the results depending on the similarity ratio of the video file name and the subtitle file name

[v0.0.2]:
  * improve archive extraction support
  * limit the results and add requests timeout
  * fix OpenSubtitles authentication
  * handle debug logging detection issues

[v0.0.1]:
  * initial working version (search and download subtitles)
  * OpenSubtitles support with optional authentication
  * results ordering with preferred language ordered first
        </news>
    </extension>
</addon>
